"lwr","med","upr","metric","mod","method"
0.0816307981047661,0.0865201898731644,0.0915632350466543,"nll","si",NA
0.0156226747991069,0.0167976582111812,0.0180145771760085,"brier","si",NA
0.5,0.5,0.5,"eauc","si",NA
0.015870022593038,0.0170885766903136,0.0183507957564536,"eacc","si",NA
-0.136174654728616,-0.0583615516339745,0.0138266571512569,"cint","si",NA
NA,NA,NA,"cslope","si",NA
-0.00201038568553047,0.00287900608286782,0.0079220512563578,"dnll","si",NA
-0.00101317326622776,0.000161810145846593,0.00137872911067389,"dbrier","si",NA
0.153875854186722,0.153875854186722,0.153875854186722,"deauc","si",NA
-0.00122011654791782,-1.5624506422094e-06,0.00126065661549774,"deacc","si",NA
